anio_hidro;mes;Qmax_inst;Qmd_max;fecha;RI;clase_RI;clase_magnitud
1973;5;;;1973-05-04;;;
1973;6;;2.76;1973-06-01;;;
1973;7;;0.36;1973-07-01;;;
1973;8;;0.0;1973-08-01;;;
1973;9;;0.0;1973-09-01;;;
1974;1;40.5;31.3;1974-01-01;1.293929712460064;Moderada;Significativo
1974;2;26.5;10.15;1974-02-01;2.610837438423645;Flash flood;Notable
1974;3;12.9;10.5;1974-03-01;1.2285714285714286;Moderada;Notable
1974;4;5.8;5.56;1974-04-01;1.0431654676258992;Progresiva;Notable
1974;5;16.9;5.8;1974-05-01;2.913793103448276;Flash flood;Notable
1974;6;58.5;31.7;1974-06-01;1.8454258675078865;Rápida;Significativo
1974;7;10.5;9.8;1974-07-01;1.0714285714285714;Progresiva;Notable
1974;8;0.0;0.0;1974-08-01;;;
1974;9;0.0;0.0;1974-09-01;;;
1974;10;28.1;4.12;1973-10-01;6.820388349514563;Flash flood;Notable
1974;11;48.5;30.5;1973-11-01;1.5901639344262295;Rápida;Significativo
1974;12;23.3;9.1;1973-12-01;2.5604395604395607;Flash flood;Notable
1975;1;12.51;6.77;1975-01-01;1.8478581979320532;Rápida;Notable
1975;2;9.8;5.33;1975-02-01;1.8386491557223266;Rápida;Notable
1975;3;18.51;8.41;1975-03-01;2.2009512485136744;Flash flood;Notable
1975;4;13.71;8.76;1975-04-01;1.565068493150685;Rápida;Notable
1975;5;25.31;12.91;1975-05-01;1.960495739736638;Rápida;Notable
1975;6;2.05;2.05;1975-06-01;1.0;Progresiva;Ordinario
1975;7;0.12;0.08;1975-07-01;1.5;Moderada;Ordinario
1975;8;0.0;0.0;1975-08-01;;;
1975;9;0.0;0.0;1975-09-01;;;
1975;10;;0.0;1974-10-01;;;
1975;11;76.9;21.71;1974-11-01;3.542146476278213;Flash flood;Significativo
1975;12;1.01;0.9;1974-12-01;1.1222222222222222;Progresiva;Ordinario
1976;1;1.5;1.4;1976-01-01;1.0714285714285714;Progresiva;Ordinario
1976;2;9.72;4.38;1976-02-01;2.219178082191781;Flash flood;Notable
1976;3;3.22;1.96;1976-03-01;1.642857142857143;Rápida;Ordinario
1976;4;5.88;4.38;1976-04-01;1.3424657534246576;Moderada;Notable
1976;5;3.22;2.86;1976-05-01;1.125874125874126;Progresiva;Ordinario
1976;6;0.42;0.42;1976-06-01;1.0;Progresiva;Ordinario
1976;7;0.27;0.06;1976-07-01;4.500000000000001;Flash flood;Ordinario
1976;8;0.0;0.0;1976-08-01;;;
1976;9;13.0;10.68;1976-09-01;1.2172284644194757;Moderada;Notable
1976;10;0.0;0.0;1975-10-01;;;
1976;11;76.9;1.1;1975-11-01;;;Significativo
1976;12;14.0;3.46;1975-12-01;4.046242774566474;Flash flood;Notable
1977;1;40.0;20.0;1977-01-01;2.0;Rápida;Significativo
1977;2;40.0;34.4;1977-02-01;1.1627906976744187;Progresiva;Significativo
1977;3;9.08;9.08;1977-03-01;1.0;Progresiva;Notable
1977;4;22.4;7.32;1977-04-01;3.060109289617486;Flash flood;Notable
1977;5;1.4;1.4;1977-05-01;1.0;Progresiva;Ordinario
1977;6;3.87;3.34;1977-06-01;1.158682634730539;Progresiva;Ordinario
1977;7;0.7;0.7;1977-07-01;1.0;Progresiva;Ordinario
1977;8;0.18;0.18;1977-08-01;1.0;Progresiva;Ordinario
1977;9;0.34;0.18;1977-09-01;1.888888888888889;Rápida;Ordinario
1977;10;13.5;13.5;1976-10-01;1.0;Progresiva;Notable
1977;11;107.2;29.6;1976-11-01;3.6216216216216215;Flash flood;Extremo
1977;12;40.0;31.2;1976-12-01;1.2820512820512822;Moderada;Significativo
1978;1;4.72;3.46;1978-01-01;1.3641618497109826;Moderada;Ordinario
1978;2;136.0;107.2;1978-02-01;1.2686567164179103;Moderada;Excepcional
1978;3;44.8;40.0;1978-03-01;1.1199999999999999;Progresiva;Significativo
1978;4;81.6;11.0;1978-04-01;7.418181818181818;Flash flood;Significativo
1978;5;16.0;14.0;1978-05-01;1.1428571428571428;Progresiva;Notable
1978;6;1.96;1.96;1978-06-01;1.0;Progresiva;Ordinario
1978;7;0.78;0.78;1978-07-01;1.0;Progresiva;Ordinario
1978;8;0.0;0.0;1978-08-01;;;
1978;9;0.0;0.0;1978-09-01;;;
1978;10;24.0;10.36;1977-10-01;2.316602316602317;Flash flood;Notable
1978;11;3.87;2.23;1977-11-01;1.73542600896861;Rápida;Ordinario
1978;12;89.6;72.0;1977-12-01;1.2444444444444445;Moderada;Extremo
1979;1;120.0;88.0;1979-01-01;1.3636363636363635;Moderada;Excepcional
1979;2;41.6;40.0;1979-02-01;1.04;Progresiva;Significativo
1979;3;59.2;42.4;1979-03-01;1.3962264150943398;Moderada;Significativo
1979;4;45.6;29.6;1979-04-01;1.5405405405405406;Rápida;Significativo
1979;5;2.98;2.98;1979-05-01;1.0;Progresiva;Ordinario
1979;6;1.78;1.78;1979-06-01;1.0;Progresiva;Ordinario
1979;7;0.7;0.7;1979-07-01;1.0;Progresiva;Ordinario
1979;8;0.0;0.0;1979-08-01;;;
1979;9;0.0;0.0;1979-09-01;;;
1979;10;0.0;0.0;1978-10-01;;;
1979;11;25.6;21.6;1978-11-01;1.1851851851851851;Progresiva;Notable
1979;12;;;1978-12-01;;;
1980;1;2.5;2.5;1980-01-01;1.0;Progresiva;Ordinario
1980;2;2.5;2.5;1980-02-01;1.0;Progresiva;Ordinario
1980;3;7.8;7.56;1980-03-01;1.0317460317460319;Progresiva;Notable
1980;4;5.4;4.72;1980-04-01;1.1440677966101696;Progresiva;Ordinario
1980;5;27.2;14.0;1980-05-01;1.9428571428571428;Rápida;Notable
1980;6;1.6;1.6;1980-06-01;1.0;Progresiva;Ordinario
1980;7;0.3;0.3;1980-07-01;1.0;Progresiva;Ordinario
1980;8;0.0;0.0;1980-08-01;;;
1980;9;0.0;0.0;1980-09-01;;;
1980;10;100.0;46.4;1979-10-01;2.1551724137931036;Flash flood;Extremo
1980;11;2.5;2.5;1979-11-01;1.0;Progresiva;Ordinario
1980;12;3.7;3.7;1979-12-01;1.0;Progresiva;Ordinario
1981;1;1.1;1.1;1981-01-01;1.0;Progresiva;Ordinario
1981;2;20.0;3.58;1981-02-01;5.58659217877095;Flash flood;Notable
1981;3;4.55;3.7;1981-03-01;1.2297297297297296;Moderada;Ordinario
1981;4;16.8;7.8;1981-04-01;2.153846153846154;Flash flood;Notable
1981;5;14.0;9.4;1981-05-01;1.4893617021276595;Moderada;Notable
1981;6;1.96;1.96;1981-06-01;1.0;Progresiva;Ordinario
1981;7;0.12;0.12;1981-07-01;1.0;Progresiva;Ordinario
1981;8;0.0;0.0;1981-08-01;;;
1981;9;19.2;5.4;1981-09-01;3.5555555555555554;Flash flood;Notable
1981;10;3.7;3.7;1980-10-01;1.0;Progresiva;Ordinario
1981;11;5.4;5.4;1980-11-01;1.0;Progresiva;Ordinario
1981;12;1.6;1.6;1980-12-01;1.0;Progresiva;Ordinario
1982;1;14.68;12.4;1982-01-01;1.1838709677419355;Progresiva;Notable
1982;2;5.16;4.14;1982-02-01;1.246376811594203;Moderada;Ordinario
1982;3;5.67;3.8;1982-03-01;1.4921052631578948;Moderada;Notable
1982;4;4.48;3.15;1982-04-01;1.4222222222222225;Moderada;Ordinario
1982;5;8.62;4.48;1982-05-01;1.9241071428571426;Rápida;Notable
1982;6;20.56;6.38;1982-06-01;3.2225705329153604;Flash flood;Notable
1982;7;0.08;0.053;1982-07-01;1.509433962264151;Rápida;Ordinario
1982;8;0.03;0.03;1982-08-01;1.0;Progresiva;Ordinario
1982;9;150.0;9.08;1982-09-01;;;Excepcional
1982;10;13.0;9.77;1981-10-01;1.3306038894575232;Moderada;Notable
1982;11;0.15;0.151;1981-11-01;0.9933774834437086;Progresiva;Ordinario
1982;12;90.0;54.16;1981-12-01;1.6617429837518465;Rápida;Extremo
1983;1;1.3;1.3;1983-01-01;1.0;Progresiva;Ordinario
1983;2;5.0;2.54;1983-02-01;1.968503937007874;Rápida;Ordinario
1983;3;1.238;1.238;1983-03-01;1.0;Progresiva;Ordinario
1983;4;72.8;22.25;1983-04-01;3.2719101123595506;Flash flood;Significativo
1983;5;120.8;28.5;1983-05-01;4.23859649122807;Flash flood;Excepcional
1983;6;3.44;3.05;1983-06-01;1.1278688524590164;Progresiva;Ordinario
1983;7;0.28;0.28;1983-07-01;1.0;Progresiva;Ordinario
1983;8;0.0;0.0;1983-08-01;;;
1983;9;0.034;0.034;1983-09-01;1.0;Progresiva;Ordinario
1983;10;1.3;1.3;1982-10-01;1.0;Progresiva;Ordinario
1983;11;114.4;114.4;1982-11-01;1.0;Progresiva;Excepcional
1983;12;2.2;1.84;1982-12-01;1.1956521739130435;Progresiva;Ordinario
1984;1;8.44;4.34;1984-01-01;1.944700460829493;Rápida;Notable
1984;2;2.05;2.05;1984-02-01;1.0;Progresiva;Ordinario
1984;3;131.7;36.8;1984-03-01;3.578804347826087;Flash flood;Excepcional
1984;4;20.8;15.0;1984-04-01;1.3866666666666667;Moderada;Notable
1984;5;6.29;5.45;1984-05-01;1.1541284403669725;Progresiva;Notable
1984;6;13.0;9.4;1984-06-01;1.3829787234042552;Moderada;Notable
1984;7;1.55;1.55;1984-07-01;1.0;Progresiva;Ordinario
1984;8;0.818;0.818;1984-08-01;1.0;Progresiva;Ordinario
1984;9;0.15;0.15;1984-09-01;1.0;Progresiva;Ordinario
1984;10;0.0;0.0;1983-10-01;;;
1984;11;105.6;51.2;1983-11-01;2.0624999999999996;Flash flood;Extremo
1984;12;148.24;48.0;1983-12-01;3.0883333333333334;Flash flood;Excepcional
1985;1;;156.4;1985-01-01;;;
1985;2;80.0;48.0;1985-02-01;1.6666666666666667;Rápida;Significativo
1985;3;12.0;7.54;1985-03-01;1.5915119363395225;Rápida;Notable
1985;4;79.2;40.0;1985-04-01;1.98;Rápida;Significativo
1985;5;;4.34;1985-05-01;;;
1985;6;5.45;4.34;1985-06-01;1.2557603686635945;Moderada;Ordinario
1985;7;0.9;0.9;1985-07-01;1.0;Progresiva;Ordinario
1985;8;;0.0;1985-08-01;;;
1985;9;;0.0;1985-09-01;;;
1985;10;56.0;3.57;1984-10-01;;;Significativo
1985;11;79.2;28.8;1984-11-01;2.75;Flash flood;Significativo
1985;12;48.0;9.72;1984-12-01;4.938271604938271;Flash flood;Significativo
1986;1;14.848;6.188;1986-01-01;2.3994828700711057;Flash flood;Notable
1986;2;95.998;60.799;1986-02-01;1.5789404430993932;Rápida;Extremo
1986;3;12.548;9.528;1986-03-01;1.31696053736356;Moderada;Notable
1986;4;5.267;3.193;1986-04-01;1.649545881616035;Rápida;Ordinario
1986;5;3.029;2.864;1986-05-01;1.0576117318435754;Progresiva;Ordinario
1986;6;1.068;0.828;1986-06-01;1.2898550724637683;Moderada;Ordinario
1986;7;0.086;0.086;1986-07-01;1.0;Progresiva;Ordinario
1986;8;0.0;0.0;1986-08-01;;;
1986;9;20.798;3.688;1986-09-01;5.63937093275488;Flash flood;Notable
1986;10;;0.032;1985-10-01;;;
1986;11;5.728;5.728;1985-11-01;1.0;Progresiva;Notable
1986;12;;55.999;1985-12-01;;;
1987;1;131.2;100.0;1987-01-01;1.3119999999999998;Moderada;Excepcional
1987;2;41.6;22.4;1987-02-01;1.8571428571428574;Rápida;Significativo
1987;3;4.75;4.18;1987-03-01;1.1363636363636365;Progresiva;Ordinario
1987;4;132.8;22.4;1987-04-01;5.92857142857143;Flash flood;Excepcional
1987;5;2.05;2.05;1987-05-01;1.0;Progresiva;Ordinario
1987;6;0.75;0.75;1987-06-01;1.0;Progresiva;Ordinario
1987;7;0.033;0.033;1987-07-01;1.0;Progresiva;Ordinario
1987;8;0.35;0.087;1987-08-01;4.022988505747127;Flash flood;Ordinario
1987;9;20.0;2.31;1987-09-01;8.658008658008658;Flash flood;Notable
1987;10;2.18;1.65;1986-10-01;1.3212121212121213;Moderada;Ordinario
1987;11;56.0;10.825;1986-11-01;5.173210161662818;Flash flood;Significativo
1987;12;6.13;1.55;1986-12-01;3.954838709677419;Flash flood;Notable
1988;1;105.6;;1988-01-01;;;Extremo
1988;2;52.0;18.4;1988-02-01;2.8260869565217392;Flash flood;Significativo
1988;3;2.86;2.7;1988-03-01;1.0592592592592591;Progresiva;Ordinario
1988;4;57.6;19.2;1988-04-01;3.0;Flash flood;Significativo
1988;5;56.0;28.0;1988-05-01;2.0;Rápida;Significativo
1988;6;12.55;7.01;1988-06-01;1.790299572039943;Rápida;Notable
1988;7;105.6;39.2;1988-07-01;2.6938775510204076;Flash flood;Extremo
1988;10;136.0;;1987-10-01;;;Excepcional
1988;11;60.0;32.0;1987-11-01;1.875;Rápida;Significativo
1988;12;;;1987-12-01;;;
1989;1;1.076;0.7;1989-01-01;1.5371428571428574;Rápida;Ordinario
1989;2;4.439;1.652;1989-02-01;2.6870460048426152;Flash flood;Ordinario
1989;3;1.516;1.228;1989-03-01;1.234527687296417;Moderada;Ordinario
1989;4;8.25;4.813;1989-04-01;1.7141076251817995;Rápida;Notable
1989;5;3.691;1.72;1989-05-01;2.1459302325581393;Flash flood;Ordinario
1989;6;3.02;1.947;1989-06-01;1.5511042629686698;Rápida;Ordinario
1989;7;0.22;0.22;1989-07-01;1.0;Progresiva;Ordinario
1989;8;0.0;0.0;1989-08-01;;;
1989;9;0.0;0.0;1989-09-01;;;
1989;10;15.676;6.6;1988-10-01;2.3751515151515155;Flash flood;Notable
1989;11;;14.132;1988-11-01;;;
1989;12;1.0;0.95;1988-12-01;1.0526315789473684;Progresiva;Ordinario
1990;1;15.163;9.6;1990-01-01;1.5794791666666668;Rápida;Notable
1990;2;7.925;7.925;1990-02-01;1.0;Progresiva;Notable
1990;3;4.889;4.889;1990-03-01;1.0;Progresiva;Ordinario
1990;4;6.352;6.352;1990-04-01;1.0;Progresiva;Notable
1990;5;4.072;3.68;1990-05-01;1.1065217391304347;Progresiva;Ordinario
1990;6;1.411;1.312;1990-06-01;1.0754573170731707;Progresiva;Ordinario
1990;7;0.072;0.036;1990-07-01;2.0;Rápida;Ordinario
1990;8;0.0;0.0;1990-08-01;;;
1990;9;0.0;0.0;1990-09-01;;;
1990;10;1.709;1.312;1989-10-01;1.302591463414634;Moderada;Ordinario
1990;11;46.467;29.051;1989-11-01;1.5994974355443876;Rápida;Significativo
1990;12;49.272;38.362;1989-12-01;1.2843960168917157;Moderada;Significativo
1991;1;12.186;6.649;1991-01-01;1.8327568055346668;Rápida;Notable
1991;2;3.159;2.502;1991-02-01;1.262589928057554;Moderada;Ordinario
1991;3;27.499;13.798;1991-03-01;1.9929699956515436;Rápida;Notable
1991;4;2.353;2.353;1991-04-01;1.0;Progresiva;Ordinario
1991;5;0.967;0.967;1991-05-01;1.0;Progresiva;Ordinario
1991;6;0.446;0.446;1991-06-01;1.0;Progresiva;Ordinario
1991;7;0.0;0.0;1991-07-01;;;
1991;8;0.0;0.0;1991-08-01;;;
1991;9;0.21;0.105;1991-09-01;2.0;Rápida;Ordinario
1991;10;3.328;2.65;1990-10-01;1.2558490566037737;Moderada;Ordinario
1991;11;15.498;5.5;1990-11-01;2.8178181818181818;Flash flood;Notable
1991;12;1.529;1.529;1990-12-01;1.0;Progresiva;Ordinario
1992;1;7.396;7.396;1992-01-01;1.0;Progresiva;Notable
1992;2;1.071;0.967;1992-02-01;1.107549120992761;Progresiva;Ordinario
1992;3;3.328;0.761;1992-03-01;4.3731931668856765;Flash flood;Ordinario
1992;4;35.155;10.091;1992-04-01;3.483797443266277;Flash flood;Significativo
1992;5;21.937;15.158;1992-05-01;1.447222588732023;Moderada;Notable
1992;6;19.16;4.869;1992-06-01;3.935099609776135;Flash flood;Notable
1992;7;0.21;0.21;1992-07-01;1.0;Progresiva;Ordinario
1992;8;0.0;0.0;1992-08-01;;;
1992;9;0.0;0.0;1992-09-01;;;
1992;10;1.277;1.277;1991-10-01;1.0;Progresiva;Ordinario
1992;11;1.071;0.864;1991-11-01;1.2395833333333333;Moderada;Ordinario
1992;12;2.056;1.782;1991-12-01;1.1537598204264872;Progresiva;Ordinario
1993;1;1.106;1.106;1993-01-01;1.0;Progresiva;Ordinario
1993;2;2.486;1.479;1993-02-01;1.6808654496281272;Rápida;Ordinario
1993;3;4.211;3.797;1993-03-01;1.10903344745852;Progresiva;Ordinario
1993;4;2.031;2.031;1993-04-01;1.0;Progresiva;Ordinario
1993;5;32.195;10.967;1993-05-01;2.9356250569891493;Flash flood;Notable
1993;6;3.204;2.486;1993-06-01;1.2888173773129525;Moderada;Ordinario
1993;7;0.235;0.235;1993-07-01;1.0;Progresiva;Ordinario
1993;8;0.111;0.111;1993-08-01;1.0;Progresiva;Ordinario
1993;9;0.0;0.0;1993-09-01;;;
1993;10;51.774;7.479;1992-10-01;6.922583233052547;Flash flood;Significativo
1993;11;32.195;2.845;1992-11-01;;;Notable
1993;12;6.638;5.121;1992-12-01;1.296231204842804;Moderada;Notable
1994;1;204.839;149.595;1994-01-01;1.3692904174604765;Moderada;Excepcional
1994;2;4.306;4.037;1994-02-01;1.0666336388407234;Progresiva;Ordinario
1994;3;6.332;5.697;1994-03-01;1.1114621730735474;Progresiva;Notable
1994;4;1.087;1.087;1994-04-01;1.0;Progresiva;Ordinario
1994;5;65.239;36.127;1994-05-01;1.8058238990228914;Rápida;Significativo
1994;6;5.697;5.697;1994-06-01;1.0;Progresiva;Notable
1994;7;0.309;0.309;1994-07-01;1.0;Progresiva;Ordinario
1994;8;0.0;0.0;1994-08-01;;;
1994;9;0.0;0.0;1994-09-01;;;
1994;10;114.695;37.874;1993-10-01;3.028330781010719;Flash flood;Excepcional
1994;11;291.08;108.878;1993-11-01;2.6734510185712446;Flash flood;Excepcional
1994;12;0.418;0.418;1993-12-01;1.0;Progresiva;Ordinario
1995;1;63.105;13.684;1995-01-01;4.611590178310435;Flash flood;Significativo
1995;2;39.621;7.697;1995-02-01;5.147589970118228;Flash flood;Significativo
1995;3;1.3;1.087;1995-03-01;1.1959521619135236;Progresiva;Ordinario
1995;4;2.076;1.194;1995-04-01;1.7386934673366836;Rápida;Ordinario
1995;5;3.156;2.42;1995-05-01;1.3041322314049588;Moderada;Ordinario
1995;6;3.156;2.42;1995-06-01;1.3041322314049588;Moderada;Ordinario
1995;7;2.076;1.808;1995-07-01;1.1482300884955752;Progresiva;Ordinario
1995;8;0.0;0.0;1995-08-01;;;
1995;9;1.3;1.3;1995-09-01;1.0;Progresiva;Ordinario
1995;10;2.42;1.3;1994-10-01;1.8615384615384614;Rápida;Ordinario
1995;11;76.878;12.249;1994-11-01;6.276267450404115;Flash flood;Significativo
1995;12;1.3;0.874;1994-12-01;1.4874141876430207;Moderada;Ordinario
1996;1;117.604;29.864;1996-01-01;3.937985534422716;Flash flood;Excepcional
1996;2;28.359;17.411;1996-02-01;1.6287978863936592;Rápida;Notable
1996;3;9.691;9.013;1996-03-01;1.0752246754687673;Progresiva;Notable
1996;4;12.026;8.395;1996-04-01;1.4325193567599763;Moderada;Notable
1996;5;153.084;52.626;1996-05-01;2.9089043438604496;Flash flood;Excepcional
1996;6;2.506;2.506;1996-06-01;1.0;Progresiva;Ordinario
1996;7;0.405;0.335;1996-07-01;1.208955223880597;Moderada;Ordinario
1996;8;0.026;0.026;1996-08-01;1.0;Progresiva;Ordinario
1996;9;3.566;2.337;1996-09-01;1.5258878904578517;Rápida;Ordinario
1996;10;6.332;5.38;1995-10-01;1.1769516728624536;Progresiva;Notable
1996;11;100.346;26.246;1995-11-01;3.8232873580736118;Flash flood;Extremo
1996;12;185.456;81.921;1995-12-01;2.2638395527398343;Flash flood;Excepcional
1997;1;7.777;;1997-01-01;;;Notable
1997;2;4.798;4.363;1997-02-01;1.099702039880816;Progresiva;Ordinario
1997;3;2.506;2.506;1997-03-01;1.0;Progresiva;Ordinario
1997;4;36.127;9.322;1997-04-01;3.875455910748767;Flash flood;Significativo
1997;5;12.456;4.363;1997-05-01;2.854916341966536;Flash flood;Notable
1997;6;50.685;16.861;1997-06-01;3.006049463258407;Flash flood;Significativo
1997;7;1.378;0.83;1997-07-01;1.6602409638554216;Rápida;Ordinario
1997;8;1.498;1.498;1997-08-01;1.0;Progresiva;Ordinario
1997;9;1.139;0.405;1997-09-01;2.8123456790123456;Flash flood;Ordinario
1997;10;2.506;2.049;1996-10-01;1.2230356271351879;Moderada;Ordinario
1997;11;9.691;6.202;1996-11-01;1.5625604643663336;Rápida;Notable
1997;12;11.597;;1996-12-01;;;Notable
1998;1;167.041;12.885;1998-01-01;;;Excepcional
1998;2;52.626;12.026;1998-02-01;4.376018626309662;Flash flood;Significativo
1998;3;58.836;14.783;1998-03-01;3.9799770006088075;Flash flood;Significativo
1998;4;11.168;11.168;1998-04-01;1.0;Progresiva;Notable
1998;5;76.878;11.168;1998-05-01;6.883775071633238;Flash flood;Significativo
1998;6;49.715;24.182;1998-06-01;2.055868000992474;Flash flood;Significativo
1998;7;0.335;0.335;1998-07-01;1.0;Progresiva;Ordinario
1998;8;1.761;0.16;1998-08-01;;;Ordinario
1998;9;71.059;22.871;1998-09-01;3.106947662979319;Flash flood;Significativo
1998;10;50.685;8.395;1997-10-01;6.03752233472305;Flash flood;Significativo
1998;11;174.407;34.525;1997-11-01;5.0516147719044175;Flash flood;Excepcional
1998;12;189.333;84.443;1997-12-01;2.2421396681785346;Flash flood;Excepcional
1999;1;86.606;4.684;1999-01-01;;;Extremo
1999;2;1.365;1.365;1999-02-01;1.0;Progresiva;Ordinario
1999;3;6.136;3.459;1999-03-01;1.7739230991616075;Rápida;Notable
1999;4;5.846;2.861;1999-04-01;2.0433414889898636;Flash flood;Notable
1999;5;61.32;10.149;1999-05-01;6.041974578776235;Flash flood;Significativo
1999;6;0.826;0.826;1999-06-01;1.0;Progresiva;Ordinario
1999;7;0.0;0.0;1999-07-01;;;
1999;8;1.845;0.301;1999-08-01;6.129568106312292;Flash flood;Ordinario
1999;9;211.735;25.929;1999-09-01;8.165953179837249;Flash flood;Excepcional
1999;10;4.684;3.704;1998-10-01;1.2645788336933046;Moderada;Ordinario
1999;11;10.575;3.26;1998-11-01;3.2438650306748467;Flash flood;Notable
1999;12;10.149;4.684;1998-12-01;2.166737830913749;Flash flood;Notable
2000;1;0.987;0.987;2000-01-01;1.0;Progresiva;Ordinario
2000;2;12.799;4.974;2000-02-01;2.573180538801769;Flash flood;Notable
2000;3;2.154;1.582;2000-03-01;1.361567635903919;Moderada;Ordinario
2000;4;67.786;30.914;2000-04-01;2.192728213754286;Flash flood;Significativo
2000;5;16.803;9.341;2000-05-01;1.798843806872926;Rápida;Notable
2000;6;1.148;1.148;2000-06-01;1.0;Progresiva;Ordinario
2000;7;0.0;0.0;2000-07-01;;;
2000;8;0.0;0.0;2000-08-01;;;
2000;9;2.861;0.144;2000-09-01;;;Ordinario
2000;10;252.703;65.57;1999-10-01;3.8539423516852223;Flash flood;Excepcional
2000;11;5.555;5.265;1999-11-01;1.0550807217473883;Progresiva;Notable
2000;12;1.257;1.068;1999-12-01;1.1769662921348314;Progresiva;Ordinario
2001;1;163.802;102.219;2001-01-01;1.6024613819348654;Rápida;Excepcional
2001;2;63.49;37.098;2001-02-01;1.711413014178662;Rápida;Significativo
2001;3;192.615;72.355;2001-03-01;2.6620827862621796;Flash flood;Excepcional
2001;4;2.308;2.154;2001-04-01;1.0714948932219126;Progresiva;Ordinario
2001;5;22.66;2.154;2001-05-01;;;Notable
2001;6;0.542;0.542;2001-06-01;1.0;Progresiva;Ordinario
2001;7;0.0;0.0;2001-07-01;;;
2001;8;0.0;0.0;2001-08-01;;;
2001;9;0.115;0.115;2001-09-01;1.0;Progresiva;Ordinario
2001;10;17.929;3.704;2000-10-01;4.8404427645788335;Flash flood;Notable
2001;11;99.594;30.914;2000-11-01;3.221647150158504;Flash flood;Extremo
2001;12;219.529;63.49;2000-12-01;3.457694125059064;Flash flood;Excepcional
2002;1;60.523;16.158;2002-01-01;3.745698725089739;Flash flood;Significativo
2002;2;10.259;2.7;2002-02-01;3.7996296296296297;Flash flood;Notable
2002;3;24.586;14.338;2002-03-01;1.7147440368252196;Rápida;Notable
2002;4;5.989;5.444;2002-04-01;1.1001102130786187;Progresiva;Notable
2002;5;2.197;2.029;2002-05-01;1.0827994085756532;Progresiva;Ordinario
2002;6;0.558;0.418;2002-06-01;1.334928229665072;Moderada;Ordinario
2002;7;0.0;0.0;2002-07-01;;;
2002;8;0.0;0.0;2002-08-01;;;
2002;9;25.172;8.138;2002-09-01;3.093143278446793;Flash flood;Notable
2002;10;102.739;20.662;2001-10-01;4.972364727519118;Flash flood;Extremo
2002;11;1.196;0.418;2001-11-01;2.861244019138756;Flash flood;Ordinario
2002;12;0.305;0.305;2001-12-01;1.0;Progresiva;Ordinario
2003;1;72.073;25.757;2003-01-01;2.798190783088092;Flash flood;Significativo
2003;2;42.107;23.415;2003-02-01;1.7982916933589579;Rápida;Significativo
2003;3;41.365;19.115;2003-03-01;2.1640073240910285;Flash flood;Significativo
2003;4;20.146;9.505;2003-04-01;2.11951604418727;Flash flood;Notable
2003;5;3.308;2.903;2003-05-01;1.1395108508439544;Progresiva;Ordinario
2003;6;0.558;0.558;2003-06-01;1.0;Progresiva;Ordinario
2003;7;0.02;0.02;2003-07-01;1.0;Progresiva;Ordinario
2003;8;0.0;0.0;2003-08-01;;;
2003;9;3.713;0.0;2003-09-01;;;Ordinario
2003;10;8.138;4.188;2002-10-01;1.943170964660936;Rápida;Notable
2003;11;48.462;17.121;2002-11-01;2.830558962677414;Flash flood;Significativo
2003;12;98.1;50.085;2002-12-01;1.958670260557053;Rápida;Extremo
2004;1;2.749;2.414;2004-01-01;1.1387738193869097;Progresiva;Ordinario
2004;2;3.084;2.246;2004-02-01;1.3731077471059663;Moderada;Ordinario
2004;3;28.464;10.135;2004-03-01;2.8084854464726194;Flash flood;Notable
2004;4;13.294;4.078;2004-04-01;3.2599313388916134;Flash flood;Notable
2004;5;14.162;3.482;2004-05-01;4.067202757036186;Flash flood;Notable
2004;6;0.928;0.845;2004-06-01;1.098224852071006;Progresiva;Ordinario
2004;7;0.078;0.078;2004-07-01;1.0;Progresiva;Ordinario
2004;8;1.011;0.477;2004-08-01;2.1194968553459117;Flash flood;Ordinario
2004;9;0.018;0.013;2004-09-01;1.3846153846153846;Moderada;Ordinario
2004;10;121.465;29.797;2003-10-01;4.076417088968689;Flash flood;Excepcional
2004;11;45.225;16.471;2003-11-01;2.74573492805537;Flash flood;Significativo
2004;12;14.162;9.76;2003-12-01;1.4510245901639345;Moderada;Notable
2005;1;0.056;0.056;2005-01-01;1.0;Progresiva;Ordinario
2005;2;0.083;0.07;2005-02-01;1.1857142857142857;Progresiva;Ordinario
2005;3;30.47;10.35;2005-03-01;2.9439613526570048;Flash flood;Notable
2005;4;4.902;1.452;2005-04-01;3.37603305785124;Flash flood;Ordinario
2005;5;0.03;0.03;2005-05-01;1.0;Progresiva;Ordinario
2005;6;0.014;0.014;2005-06-01;1.0;Progresiva;Ordinario
2005;7;0.0;0.0;2005-07-01;;;
2005;8;0.0;0.0;2005-08-01;;;
2005;9;0.0;0.0;2005-09-01;;;
2005;10;239.787;23.501;2004-10-01;;;Excepcional
2005;11;1.673;0.986;2004-11-01;1.6967545638945234;Rápida;Ordinario
2005;12;1.257;0.37;2004-12-01;3.397297297297297;Flash flood;Ordinario
2006;1;0.819;0.708;2006-01-01;1.1567796610169492;Progresiva;Ordinario
2006;2;5.458;1.565;2006-02-01;3.4875399361022366;Flash flood;Notable
2006;3;103.259;33.263;2006-03-01;3.104320115443586;Flash flood;Extremo
2006;4;23.937;12.808;2006-04-01;1.8689100562148657;Rápida;Notable
2006;5;3.426;2.396;2006-05-01;1.4298831385642738;Moderada;Ordinario
2006;6;0.26;0.26;2006-06-01;1.0;Progresiva;Ordinario
2006;7;0.0;0.0;2006-07-01;;;
2006;8;0.05;0.025;2006-08-01;2.0;Rápida;Ordinario
2006;9;0.125;0.1;2006-09-01;1.25;Moderada;Ordinario
2006;10;109.632;34.005;2005-10-01;3.2239964711071902;Flash flood;Extremo
2006;11;11.528;8.043;2005-11-01;1.4332960338182272;Moderada;Notable
2006;12;36.973;10.675;2005-12-01;3.4635128805620607;Flash flood;Significativo
2007;1;1.338;1.228;2007-01-01;1.0895765472312704;Progresiva;Ordinario
2007;2;17.329;10.728;2007-02-01;1.6153057419835943;Rápida;Notable
2007;3;1.941;1.803;2007-03-01;1.0765391014975043;Progresiva;Ordinario
2007;4;3.757;2.848;2007-04-01;1.3191713483146068;Moderada;Ordinario
2007;5;15.636;5.746;2007-05-01;2.721197354681517;Flash flood;Notable
2007;6;47.558;16.469;2007-06-01;2.887728459530026;Flash flood;Significativo
2007;7;1.038;0.956;2007-07-01;1.0857740585774058;Progresiva;Ordinario
2007;8;14.028;1.666;2007-08-01;8.420168067226891;Flash flood;Notable
2007;9;12.142;2.216;2007-09-01;5.479241877256317;Flash flood;Notable
2007;10;78.251;43.304;2006-10-01;1.8070155181969334;Rápida;Significativo
2007;11;137.882;56.623;2006-11-01;2.4350882150362927;Flash flood;Excepcional
2007;12;55.858;18.217;2006-12-01;3.066256793105341;Flash flood;Significativo
2008;1;22.924;7.631;2008-01-01;3.004062377145852;Flash flood;Notable
2008;2;20.968;5.658;2008-02-01;3.7059031459879814;Flash flood;Notable
2008;3;1.855;1.73;2008-03-01;1.0722543352601157;Progresiva;Ordinario
2008;4;89.472;22.924;2008-04-01;3.902983772465538;Flash flood;Extremo
2008;5;27.159;8.27;2008-05-01;3.2840386940749697;Flash flood;Notable
2008;6;4.586;4.244;2008-06-01;1.080584354382658;Progresiva;Ordinario
2008;7;0.663;0.459;2008-07-01;1.4444444444444444;Moderada;Ordinario
2008;8;0.031;0.031;2008-08-01;1.0;Progresiva;Ordinario
2008;9;0.776;0.092;2008-09-01;8.434782608695652;Flash flood;Ordinario
2008;10;42.676;21.62;2007-10-01;1.9739130434782608;Rápida;Significativo
2008;11;29.391;11.261;2007-11-01;2.6099813515673564;Flash flood;Notable
2008;12;0.89;0.776;2007-12-01;1.1469072164948453;Progresiva;Ordinario
2009;1;7.598;4.158;2009-01-01;1.8273208273208272;Rápida;Notable
2009;2;9.978;5.127;2009-02-01;1.946167349327092;Rápida;Notable
2009;3;3.124;2.799;2009-03-01;1.1161128974633798;Progresiva;Ordinario
2009;4;2.513;2.084;2009-04-01;1.2058541266794625;Moderada;Ordinario
2009;5;0.946;0.861;2009-05-01;1.0987224157955864;Progresiva;Ordinario
2009;6;0.328;0.263;2009-06-01;1.247148288973384;Moderada;Ordinario
2009;7;0.04;0.04;2009-07-01;1.0;Progresiva;Ordinario
2009;8;0.04;0.04;2009-08-01;1.0;Progresiva;Ordinario
2009;9;0.158;0.079;2009-09-01;2.0;Rápida;Ordinario
2009;10;5.328;1.59;2008-10-01;3.3509433962264152;Flash flood;Ordinario
2009;11;0.861;0.777;2008-11-01;1.1081081081081081;Progresiva;Ordinario
2009;12;17.105;7.117;2008-12-01;2.403400309119011;Flash flood;Notable
2010;1;32.055;21.406;2010-01-01;1.497477342801084;Moderada;Notable
2010;2;108.174;34.863;2010-02-01;3.1028310816625075;Flash flood;Extremo
2010;3;51.254;14.535;2010-03-01;3.5262469900240796;Flash flood;Significativo
2010;4;16.841;8.159;2010-04-01;2.0641009927687217;Flash flood;Notable
2010;5;20.057;8.466;2010-05-01;2.369123553035672;Flash flood;Notable
2010;6;6.652;2.458;2010-06-01;2.7062652563059397;Flash flood;Notable
2010;7;0.223;0.165;2010-07-01;1.3515151515151516;Moderada;Ordinario
2010;8;0.985;0.107;2010-08-01;9.205607476635514;Flash flood;Ordinario
2010;9;1.486;0.34;2010-09-01;4.370588235294117;Flash flood;Ordinario
2010;10;53.623;9.187;2009-10-01;5.836834657668445;Flash flood;Significativo
2010;11;31.146;3.427;2009-11-01;9.088415523781734;Flash flood;Notable
2010;12;119.044;50.07;2009-12-01;2.3775514280007988;Flash flood;Excepcional
2011;1;93.9;44.256;2011-01-01;2.1217462039045554;Flash flood;Extremo
2011;2;5.304;4.428;2011-02-01;1.1978319783197833;Progresiva;Ordinario
2011;3;61.359;9.565;2011-03-01;6.41495033978045;Flash flood;Significativo
2011;4;61.359;14.442;2011-04-01;4.248649771499792;Flash flood;Significativo
2011;5;32.215;13.287;2011-05-01;2.4245503123353656;Flash flood;Notable
2011;6;1.326;0.796;2011-06-01;1.6658291457286432;Rápida;Ordinario
2011;7;0.072;0.072;2011-07-01;1.0;Progresiva;Ordinario
2011;8;0.521;0.385;2011-08-01;1.3532467532467534;Moderada;Ordinario
2011;9;0.036;0.036;2011-09-01;1.0;Progresiva;Ordinario
2011;10;62.688;6.595;2010-10-01;9.50538286580743;Flash flood;Significativo
2011;11;23.005;4.849;2010-11-01;4.744277170550629;Flash flood;Notable
2011;12;89.012;50.15;2010-12-01;1.7749152542372881;Rápida;Extremo
2012;1;0.411;0.411;2012-01-01;1.0;Progresiva;Ordinario
2012;2;0.233;0.233;2012-02-01;1.0;Progresiva;Ordinario
2012;3;0.092;0.092;2012-03-01;1.0;Progresiva;Ordinario
2012;4;13.933;9.344;2012-04-01;1.491117294520548;Moderada;Notable
2012;5;13.748;11.055;2012-05-01;1.2436001809136137;Moderada;Notable
2012;6;0.233;0.233;2012-06-01;1.0;Progresiva;Ordinario
2012;7;0.069;0.069;2012-07-01;1.0;Progresiva;Ordinario
2012;8;0.023;0.023;2012-08-01;1.0;Progresiva;Ordinario
2012;9;12.454;5.792;2012-09-01;2.1502071823204423;Flash flood;Notable
2012;10;75.026;13.009;2011-10-01;5.767238065954339;Flash flood;Significativo
2012;11;92.188;13.378;2011-11-01;6.891015099416953;Flash flood;Extremo
2012;12;1.775;1.775;2011-12-01;1.0;Progresiva;Ordinario
2013;1;84.834;17.917;2013-01-01;4.73483284031925;Flash flood;Extremo
2013;2;6.25;4.023;2013-02-01;1.5535669898086006;Rápida;Notable
2013;3;68.838;31.591;2013-03-01;2.1790383337026364;Flash flood;Significativo
2013;4;16.654;11.006;2013-04-01;1.5131746320188988;Rápida;Notable
2013;5;1.951;1.951;2013-05-01;1.0;Progresiva;Ordinario
2013;6;0.796;0.796;2013-06-01;1.0;Progresiva;Ordinario
2013;7;0.137;0.082;2013-07-01;1.6707317073170733;Rápida;Ordinario
2013;8;0.019;0.019;2013-08-01;1.0;Progresiva;Ordinario
2013;9;14.887;3.094;2013-09-01;4.811570782159018;Flash flood;Notable
2013;10;17.267;7.798;2012-10-01;2.2142857142857144;Flash flood;Notable
2013;11;38.952;17.267;2012-11-01;2.2558637864133897;Flash flood;Significativo
2013;12;76.471;10.612;2012-12-01;7.206087448171881;Flash flood;Significativo
2014;1;36.463;19.185;2014-01-01;1.9005994266353925;Rápida;Significativo
2014;2;45.958;30.946;2014-02-01;1.485103082789375;Moderada;Significativo
2014;3;12.298;6.932;2014-03-01;1.7740911713791112;Rápida;Notable
2014;4;35.408;18.618;2014-04-01;1.9018154474164788;Rápida;Significativo
2014;5;6.932;4.894;2014-05-01;1.4164282795259502;Moderada;Notable
2014;6;1.29;1.29;2014-06-01;1.0;Progresiva;Ordinario
2014;7;1.29;0.562;2014-07-01;2.295373665480427;Flash flood;Ordinario
2014;8;0.023;0.023;2014-08-01;1.0;Progresiva;Ordinario
2014;9;14.647;4.517;2014-09-01;3.242638919636927;Flash flood;Notable
2014;10;89.066;18.05;2013-10-01;4.934404432132964;Flash flood;Extremo
2014;11;1.925;1.792;2013-11-01;1.07421875;Progresiva;Ordinario
2014;12;108.149;8.366;2013-12-01;;;Extremo
2015;1;10.275;6.525;2015-01-01;1.5747126436781609;Rápida;Notable
2015;2;3.798;3.124;2015-02-01;1.2157490396927015;Moderada;Ordinario
2015;3;1.533;1.289;2015-03-01;1.1892940263770364;Progresiva;Ordinario
2015;4;29.161;6.932;2015-04-01;4.206722446624351;Flash flood;Notable
2015;5;3.455;2.205;2015-05-01;1.566893424036281;Rápida;Ordinario
2015;6;2.805;1.289;2015-06-01;2.1761055081458496;Flash flood;Ordinario
2015;7;0.046;0.046;2015-07-01;1.0;Progresiva;Ordinario
2015;8;0.023;0.023;2015-08-01;1.0;Progresiva;Ordinario
2015;9;58.133;11.894;2015-09-01;4.887590381705062;Flash flood;Significativo
2015;10;71.934;19.915;2014-10-01;3.6120512176751194;Flash flood;Significativo
2015;11;104.413;23.564;2014-11-01;4.431038872856901;Flash flood;Extremo
2015;12;35.408;7.945;2014-12-01;4.4566393958464445;Flash flood;Significativo
2016;1;100.236;39.29;2016-01-01;2.551183507253754;Flash flood;Extremo
2016;2;17.996;7.316;2016-02-01;2.45981410606889;Flash flood;Notable
2016;3;4.82;2.522;2016-03-01;1.9111816019032517;Rápida;Ordinario
2016;4;59.414;21.083;2016-04-01;2.8180998909073662;Flash flood;Significativo
2016;5;54.514;19.112;2016-05-01;2.8523440770196737;Flash flood;Significativo
2016;6;2.071;1.93;2016-06-01;1.073056994818653;Progresiva;Ordinario
2016;7;0.527;0.216;2016-07-01;2.439814814814815;Flash flood;Ordinario
2016;8;0.026;0.026;2016-08-01;1.0;Progresiva;Ordinario
2016;9;0.026;0.026;2016-09-01;1.0;Progresiva;Ordinario
2016;10;110.699;17.996;2015-10-01;6.151311402533897;Flash flood;Extremo
2016;11;62.013;19.67;2015-11-01;3.152669039145907;Flash flood;Significativo
2016;12;23.202;3.893;2015-12-01;5.959928076033908;Flash flood;Notable
2017;1;1.525;1.164;2017-01-01;1.3101374570446735;Moderada;Ordinario
2017;2;105.478;53.012;2017-02-01;1.9897004451822227;Rápida;Extremo
2017;3;4.657;3.493;2017-03-01;1.333237904380189;Moderada;Ordinario
2017;4;3.493;2.734;2017-04-01;1.277615215801024;Moderada;Ordinario
2017;5;60.141;11.812;2017-05-01;5.091517101252963;Flash flood;Significativo
2017;6;0.513;0.513;2017-06-01;1.0;Progresiva;Ordinario
2017;7;2.448;0.616;2017-07-01;3.974025974025974;Flash flood;Ordinario
2017;8;0.414;0.042;2017-08-01;9.857142857142856;Flash flood;Ordinario
2017;9;0.0;0.0;2017-09-01;;;
2017;10;31.609;9.102;2016-10-01;3.472753241045924;Flash flood;Notable
2017;11;67.356;16.943;2016-11-01;3.975447087292687;Flash flood;Significativo
2017;12;27.154;13.587;2016-12-01;1.998528004710385;Rápida;Notable
2018;1;8.547;4.013;2018-01-01;2.1298280588088714;Flash flood;Notable
2018;2;66.368;23.648;2018-02-01;2.8064952638700946;Flash flood;Significativo
2018;3;85.086;41.559;2018-03-01;2.0473543636757383;Flash flood;Extremo
2018;4;29.487;13.429;2018-04-01;2.1957703477548587;Flash flood;Notable
2018;5;4.484;3.339;2018-05-01;1.3429170410302487;Moderada;Ordinario
2018;6;6.056;2.012;2018-06-01;3.0099403578528827;Flash flood;Notable
2018;7;0.542;0.291;2018-07-01;1.8625429553264607;Rápida;Ordinario
2018;8;0.061;0.061;2018-08-01;1.0;Progresiva;Ordinario
2018;9;0.757;0.22;2018-09-01;3.440909090909091;Flash flood;Ordinario
2018;10;0.291;0.046;2017-10-01;6.326086956521739;Flash flood;Ordinario
2018;11;4.249;1.111;2017-11-01;3.824482448244824;Flash flood;Ordinario
2018;12;46.137;7.253;2017-12-01;6.361091961946781;Flash flood;Significativo
2019;1;2.358;1.037;2019-01-01;2.273866923818708;Flash flood;Ordinario
2019;2;35.952;10.051;2019-02-01;3.5769575166650083;Flash flood;Significativo
2019;3;34.805;9.061;2019-03-01;3.8411875068976933;Flash flood;Significativo
2019;4;43.049;13.723;2019-04-01;3.136996283611455;Flash flood;Significativo
2019;5;5.168;3.199;2019-05-01;1.6155048452641452;Rápida;Ordinario
2019;6;0.239;0.239;2019-06-01;1.0;Progresiva;Ordinario
2019;7;0.017;0.017;2019-07-01;1.0;Progresiva;Ordinario
2019;8;0.0;0.0;2019-08-01;;;
2019;9;19.595;2.568;2019-09-01;7.630451713395638;Flash flood;Notable
2019;10;8.07;1.466;2018-10-01;5.504774897680765;Flash flood;Notable
2019;11;28.281;12.594;2018-11-01;2.245593139590281;Flash flood;Notable
2019;12;7.129;3.888;2018-12-01;1.8335905349794237;Rápida;Notable
2020;1;3.935;3.75;2020-01-01;1.0493333333333335;Progresiva;Ordinario
2020;2;4.303;4.119;2020-02-01;1.0446710366593834;Progresiva;Ordinario
2020;3;16.903;6.724;2020-03-01;2.5138310529446755;Flash flood;Notable
2020;4;26.403;8.684;2020-04-01;3.0404191616766467;Flash flood;Notable
2020;5;5.269;3.75;2020-05-01;1.4050666666666667;Moderada;Ordinario
2020;6;0.958;0.958;2020-06-01;1.0;Progresiva;Ordinario
2020;7;0.01;0.01;2020-07-01;1.0;Progresiva;Ordinario
2020;8;0.0;0.0;2020-08-01;;;
2020;9;30.134;7.949;2020-09-01;3.7909170964901246;Flash flood;Notable
2020;10;27.647;5.076;2019-10-01;5.446611505122143;Flash flood;Notable
2020;11;33.865;7.949;2019-11-01;4.2602843124921375;Flash flood;Significativo
2020;12;112.265;58.124;2019-12-01;1.931474089876815;Rápida;Excepcional
2021;1;31.392;10.081;2021-01-01;3.113976788017062;Flash flood;Notable
2021;2;47.842;27.299;2021-02-01;1.7525184072676654;Rápida;Significativo
2021;3;2.745;2.745;2021-03-01;1.0;Progresiva;Ordinario
2021;4;2.075;1.784;2021-04-01;1.1631165919282511;Progresiva;Ordinario
2021;5;1.493;1.377;2021-05-01;1.084241103848947;Progresiva;Ordinario
2021;6;3.095;0.418;2021-06-01;7.404306220095695;Flash flood;Ordinario
2021;7;0.072;0.072;2021-07-01;1.0;Progresiva;Ordinario
2021;8;0.072;0.072;2021-08-01;1.0;Progresiva;Ordinario
2021;9;9.299;1.929;2021-09-01;4.820632452047692;Flash flood;Notable
2021;10;78.156;21.532;2020-10-01;3.629760356678432;Flash flood;Significativo
2021;11;40.186;21.532;2020-11-01;1.8663384729704626;Rápida;Significativo
2021;12;28.466;7.896;2020-12-01;3.605116514690983;Flash flood;Notable
